brand,processor_brand,processor_name,processor_gnrtn,ram_gb,ram_type,ssd,hdd,os,os_bit,graphic_card_gb,weight,warranty,Touchscreen,msoffice,Price,rating,Number of Ratings,Number of Reviews
1,1.0,Core i3,,,1.0,,,,1,,,,0,2,34649,,3,0
2,1.0,Core i3,,,1.0,,,,1,,,,0,2,38999,,65,5
2,1.0,Core i3,,,1.0,,,,1,,,,0,2,39999,,8,1
1,1.0,Core i5,,,1.0,,,,2,,,,0,2,69990,,0,0
1,1.0,Celeron Dual,,,1.0,,,,1,,,,0,2,26990,,0,0
1,1.0,Celeron Dual,,,1.0,,,,1,,,,0,2,22990,,0,0
1,1.0,Celeron Dual,,,1.0,,,,2,,,,0,2,21990,,31,3
1,1.0,Core i5,,,1.0,,,,2,,,,0,2,58799,,0,0
2,1.0,Core i5,,,1.0,,,,2,,,,0,2,49999,,0,0
3,2.0,Ryzen 5,,,1.0,,,,2,,,,0,2,59990,,1946,240
3,2.0,Ryzen 5,,,1.0,,,,2,,,,0,2,93700,,259,47
3,2.0,Ryzen 5,,,1.0,,,,2,,,,0,2,72990,,425,67
4,1.0,Celeron Dual,,,1.0,,,,1,,,,0,2,17490,,1120,196
1,1.0,Celeron Dual,,,1.0,,,,1,,,,0,2,22990,,0,0
1,1.0,Core i3,,,1.0,,,,1,,,,0,2,35990,,0,0
5,1.0,Core i3,,,1.0,,,,1,,,,1,2,56490,,0,0
5,1.0,Core i5,,,1.0,,,,1,,,,0,2,65390,,0,0
2,1.0,Celeron Dual,,,1.0,,,,1,,,,0,2,31999,,286,19
5,1.0,Celeron Dual,,,1.0,,,,1,,,,0,2,32490,,58,6
2,1.0,Celeron Dual,,,1.0,,,,1,,,,0,2,31799,,0,0
1,1.0,Celeron Dual,,,1.0,,,,1,,,,0,2,29890,,7,0
1,1.0,Celeron Dual,,,1.0,,,,1,,,,0,2,23990,,15279,1947
5,1.0,Core i3,,,1.0,,,,1,,,,0,2,32955,,311,27
5,1.0,Core i5,,,1.0,,,,2,,,,0,2,46200,,47,7
1,1.0,Core i3,,,1.0,,,,1,,,,0,2,34429,,37,6
2,1.0,Core i3,,,1.0,,,,2,,,,0,1,37990,,2080,235
1,1.0,Core i3,,,1.0,,,,2,,,,0,1,35990,,1479,181
1,1.0,Core i3,,,1.0,,,,1,,,,0,2,33980,,67,3
5,1.0,Core i3,,,1.0,,,,1,,,,0,1,39990,,273,30
6,1.0,Core i3,,,1.0,,,,1,,,,0,1,39490,,1267,171
5,1.0,Core i3,,,1.0,,,,1,,,,1,1,53990,,14,0
3,1.0,Core i3,,,1.0,,,,1,,,,0,2,38990,,0,0
1,1.0,Core i3,,,1.0,,,,1,,,,0,2,37990,,284,39
1,1.0,Core i3,,,1.0,,,,1,,,,0,1,37890,,44,5
2,1.0,Core i3,,,1.0,,,,1,,,,0,2,38990,,33,4
2,1.0,Core i3,,,1.0,,,,1,,,,0,2,37990,,286,36
6,1.0,Core i3,,,1.0,,,,1,,,,0,1,41990,,10,5
1,1.0,Core i3,,,1.0,,,,1,,,,0,2,45990,,816,147
2,1.0,Core i3,,,1.0,,,,1,,,,0,2,39990,,543,65
6,1.0,Core i3,,,1.0,,,,1,,,,0,2,42490,,9,1
6,1.0,Core i3,,,1.0,,,,1,,,,0,1,36990,,1178,137
2,1.0,Core i3,,,1.0,,,,1,,,,1,1,53990,,299,41
1,1.0,Core i3,,,1.0,,,,1,,,,0,2,36990,,20,1
2,1.0,Core i3,,,1.0,,,,1,,,,0,2,38940,,758,64
6,1.0,Core i3,,,1.0,,,,1,,,,0,1,39490,,634,64
1,1.0,Core i3,,,1.0,,,,1,,,,0,2,45990,,816,147
2,1.0,Core i3,,,1.0,,,,1,,,,0,1,39999,,4,0
6,1.0,Core i3,,,1.0,,,,1,,,,0,2,42990,,17,2
6,1.0,Core i3,,,1.0,,,,1,,,,1,2,49990,,24,5
6,1.0,Core i3,,,1.0,,,,1,,,,0,1,41490,,1753,165
6,1.0,Core i3,,,1.0,,,,1,,,,0,2,41990,,216,21
2,1.0,Core i3,,,1.0,,,,1,,,,0,1,41990,,1084,160
1,1.0,Core i3,,,1.0,,,,1,,,,0,2,38490,,19,3
2,1.0,Core i3,,,1.0,,,,1,,,,0,1,38990,,106,13
2,1.0,Core i3,,,1.0,,,,1,,,,0,1,44990,,42,4
2,1.0,Core i3,,,1.0,,,,1,,,,0,2,36490,,0,0
2,1.0,Core i3,,,1.0,,,,2,,,,0,2,38970,,0,0
5,1.0,Core i3,,,1.0,,,,1,,,,0,1,44900,,1029,107
7,1.0,Core i3,,,1.0,,,,1,,,,0,2,38990,,53,11
6,1.0,Core i3,,,1.0,,,,1,,,,0,2,44427,,0,0
1,1.0,Core i3,,,1.0,,,,1,,,,0,2,35990,,0,0
2,1.0,Core i3,,,1.0,,,,1,,,,0,1,40200,,48,1
2,1.0,Core i3,,,1.0,,,,2,,,,0,2,40990,,3,0
6,1.0,Core i3,,,1.0,,,,1,,,,0,2,42490,,0,0
3,1.0,Celeron Dual,,,1.0,,,,2,,,,0,2,23990,,61,4
6,1.0,Core i3,,,1.0,,,,1,,,,1,2,71999,,97,13
1,1.0,Core i3,,,1.0,,,,1,,,,0,2,39990,,181,19
2,1.0,Core i3,,,1.0,,,,1,,,,0,1,41998,,529,39
1,1.0,Core i3,,,1.0,,,,2,,,,0,2,41990,,0,0
2,1.0,Core i3,,,1.0,,,,1,,,,0,1,39999,,0,0
1,1.0,Core i3,,,1.0,,,,2,,,,0,2,39990,,0,0
2,1.0,Core i3,,,1.0,,,,1,,,,0,2,39998,,10,1
5,1.0,Core i3,,,1.0,,,,1,,,,0,1,42490,,5205,561
2,1.0,Core i3,,,1.0,,,,2,,,,0,2,41990,,3,0
1,1.0,Core i3,,,1.0,,,,2,,,,0,2,48490,,0,0
5,1.0,Core i3,,,1.0,,,,1,,,,0,1,44376,,1090,96
6,1.0,Core i3,,,1.0,,,,2,,,,0,2,43900,,0,0
6,1.0,Core i3,,,1.0,,,,1,,,,0,2,46690,,0,0
2,1.0,Core i3,,,1.0,,,,2,,,,0,2,40990,,1,1
6,1.0,Core i3,,,1.0,,,,1,,,,0,2,39990,,44,2
2,1.0,Core i3,,,1.0,,,,1,,,,0,2,43990,,0,0
1,1.0,Core i3,,,1.0,,,,1,,,,0,2,36990,,70,9
6,1.0,Core i3,,,1.0,,,,1,,,,0,2,48500,,0,0
1,1.0,Core i3,,,1.0,,,,1,,,,0,2,48990,,0,0
1,1.0,Celeron Dual,,,3.0,,,,2,,,,0,2,23490,,632,92
5,1.0,Core i3,,,1.0,,,,1,,,,1,1,54238,,71,8
1,1.0,Core i3,,,1.0,,,,1,,,,0,2,37990,,990,108
5,1.0,Core i3,,,1.0,,,,1,,,,0,1,42990,,158,18
5,1.0,Core i3,,,1.0,,,,1,,,,0,1,42990,,681,59
1,1.0,Core i3,,,1.0,,,,1,,,,0,2,35990,,130,12
1,1.0,Core i3,,,1.0,,,,1,,,,0,2,42990,,30,4
1,1.0,Core i3,,,,,,,2,,,,1,1,51990,,6,2
1,1.0,Core i3,,,1.0,,,,1,,,,0,2,48990,,174,30
1,1.0,Core i3,,,1.0,,,,1,,,,0,2,42990,,40,7
2,1.0,Core i3,,,1.0,,,,1,,,,0,2,38990,,13,1
6,1.0,Core i3,,,1.0,,,,1,,,,0,2,45990,,184,29
5,1.0,Core i3,,,1.0,,,,1,,,,0,1,42490,,1296,126
5,1.0,Core i3,,,1.0,,,,1,,,,0,1,43970,,571,56
1,1.0,Core i3,,,1.0,,,,1,,,,0,1,39990,,2551,297
7,1.0,Core i3,,,1.0,,,,1,,,,0,2,48990,,17,3
5,1.0,Core i3,,,1.0,,,,1,,,,0,1,54990,,35,3
7,1.0,Core i3,,,1.0,,,,1,,,,0,2,40990,,118,17
1,1.0,Core i3,,,1.0,,,,1,,,,0,1,41990,,0,0
2,1.0,Core i3,,,1.0,,,,1,,,,1,2,54990,,245,34
1,1.0,Core i3,,,1.0,,,,1,,,,0,1,44990,,2058,305
5,1.0,Core i3,,,1.0,,,,1,,,,0,2,41250,,117,11
5,1.0,Core i3,,,1.0,,,,1,,,,0,2,44990,,0,0
1,1.0,Core i3,,,1.0,,,,1,,,,0,2,42990,,74,11
6,1.0,Core i3,,,1.0,,,,1,,,,1,2,60790,,10,1
5,1.0,Core i3,,,1.0,,,,1,,,,0,2,45650,,39,4
6,1.0,Core i3,,,1.0,,,,1,,,,0,1,41990,,29,7
6,1.0,Core i3,,,1.0,,,,1,,,,0,2,45490,,43,4
1,1.0,Core i3,,,1.0,,,,1,,,,0,1,44990,,0,0
2,1.0,Core i3,,,1.0,,,,1,,,,0,1,42990,,984,99
5,1.0,Core i3,,,1.0,,,,1,,,,0,1,45490,,523,66
5,1.0,Core i3,,,1.0,,,,2,,,,0,2,38799,,30,1
5,1.0,Core i3,,,1.0,,,,1,,,,1,1,69267,,0,0
1,1.0,Core i3,,,1.0,,,,1,,,,0,1,51649,,0,0
5,1.0,Core i3,,,1.0,,,,1,,,,0,1,47990,,1605,215
1,1.0,Core i3,,,1.0,,,,1,,,,0,2,40990,,4008,519
1,1.0,Core i3,,,1.0,,,,1,,,,0,1,42990,,1869,234
1,1.0,Core i3,,,1.0,,,,1,,,,0,2,44890,,7,0
1,1.0,Core i3,,,1.0,,,,1,,,,0,2,41490,,4008,519
5,1.0,Core i3,,,1.0,,,,2,,,,0,2,50990,,0,0
5,1.0,Core i3,,,1.0,,,,1,,,,0,1,48900,,1278,135
1,1.0,Core i3,,,1.0,,,,1,,,,0,2,40990,,4008,519
6,1.0,Core i3,,,1.0,,,,1,,,,0,2,41790,,0,0
2,1.0,Core i3,,,1.0,,,,1,,,,1,1,57999,,10,2
6,1.0,Core i3,,,1.0,,,,1,,,,0,2,45930,,0,0
5,1.0,Core i3,,,1.0,,,,1,,,,1,1,55490,,143,15
1,1.0,Core i3,,,1.0,,,,1,,,,0,2,32890,,28,4
2,1.0,Core i3,,,1.0,,,,1,,,,0,1,35990,,2124,233
6,1.0,Core i3,,,1.0,,,,1,,,,0,2,42490,,276,40
6,1.0,Core i3,,,1.0,,,,1,,,,0,2,42190,,250,21
6,1.0,Core i3,,,1.0,,,,1,,,,0,1,39490,,1917,189
5,1.0,Core i3,,,1.0,,,,1,,,,0,1,43690,,4999,490
1,1.0,Core i3,,,1.0,,,,1,,,,0,2,35990,,17,0
6,1.0,Core i3,,,1.0,,,,2,,,,0,2,43800,,17,0
2,1.0,Core i3,,,1.0,,,,2,,,,0,2,38990,,0,0
1,1.0,Core i3,,,1.0,,,,1,,,,0,2,34990,,4203,490
1,1.0,Core i3,,,1.0,,,,1,,,,0,2,38900,,13,0
6,1.0,Core i3,,,1.0,,,,1,,,,0,2,39990,,15,1
6,1.0,Core i3,,,1.0,,,,2,,,,0,2,40890,,527,46
2,1.0,Core i3,,,1.0,,,,1,,,,0,2,36990,,103,10
5,1.0,Core i3,,,1.0,,,,1,,,,0,1,39990,,324,45
5,1.0,Core i3,,,1.0,,,,1,,,,0,1,41990,,69,5
6,1.0,Core i3,,,1.0,,,,2,,,,0,2,43970,,16,0
5,1.0,Core i3,,,1.0,,,,1,,,,0,2,39790,,40,3
1,1.0,Core i3,,,1.0,,,,2,,,,0,2,35590,,12,1
5,1.0,Core i3,,,1.0,,,,1,,,,0,1,36490,,1146,175
1,1.0,Core i3,,,1.0,,,,1,,,,0,1,38990,,1850,216
1,1.0,Core i3,,,1.0,,,,2,,,,0,2,33990,,43,7
6,1.0,Core i3,,,1.0,,,,1,,,,0,1,43400,,231,26
1,1.0,Celeron Dual,,,3.0,,,,2,,,,0,2,24990,,502,93
5,1.0,Core i3,,,1.0,,,,1,,,,0,1,40750,,1096,116
6,1.0,Core i3,,,1.0,,,,1,,,,0,1,43000,,313,35
1,1.0,Core i3,,,1.0,,,,1,,,,0,2,38000,,7,0
6,1.0,Core i3,,,1.0,,,,1,,,,0,1,37990,,265,46
5,1.0,Core i3,,,1.0,,,,1,,,,0,2,49279,,38,3
2,1.0,Core i3,,,1.0,,,,2,,,,0,2,38999,,7,2
1,1.0,Core i3,,,1.0,,,,2,,,,0,2,41500,,4,0
3,1.0,Core i3,,,1.0,,,,2,,,,0,2,36999,,0,0
6,1.0,Core i3,,,1.0,,,,2,,,,0,2,42900,,0,0
1,1.0,Celeron Dual,,,3.0,,,,2,,,,0,2,21490,,818,113
6,1.0,Core i3,,,1.0,,,,2,,,,0,2,41480,,25,4
1,1.0,Core i3,,,1.0,,,,1,,,,0,2,32990,,12,0
1,1.0,Core i3,,,1.0,,,,1,,,,0,2,38680,,17,1
1,1.0,Celeron Dual,,,3.0,,,,2,,,,0,2,23990,,974,170
6,1.0,Core i3,,,1.0,,,,1,,,,0,2,40390,,83,15
1,1.0,Core i3,,,1.0,,,,1,,,,0,2,33990,,31,6
1,1.0,Celeron Dual,,,3.0,,,,2,,,,0,2,20490,,637,91
6,1.0,Core i3,,,1.0,,,,1,,,,0,1,41490,,7,5
6,1.0,Core i3,,,1.0,,,,1,,,,0,2,45490,,207,16
6,1.0,Core i3,,,1.0,,,,1,,,,0,2,44490,,844,103
1,1.0,Core i3,,,1.0,,,,1,,,,0,1,41890,,53,6
6,1.0,Core i3,,,1.0,,,,1,,,,0,1,42990,,62,7
3,1.0,Core i3,,,1.0,,,,1,,,,0,2,40990,,38,2
6,1.0,Core i3,,,1.0,,,,1,,,,0,2,48990,,724,92
6,1.0,Core i3,,,1.0,,,,1,,,,0,1,43590,,0,0
6,1.0,Core i3,,,1.0,,,,1,,,,0,2,44690,,9,0
1,1.0,Core i3,,,1.0,,,,1,,,,0,2,40990,,0,0
6,1.0,Core i3,,,1.0,,,,1,,,,0,1,43990,,0,0
6,1.0,Core i3,,,1.0,,,,1,,,,0,1,43590,,0,0
6,1.0,Core i3,,,1.0,,,,1,,,,0,1,41390,,56,7
6,1.0,Core i3,,,1.0,,,,1,,,,0,1,44290,,0,0
6,1.0,Core i3,,,1.0,,,,1,,,,0,2,48999,,0,0
6,1.0,Core i3,,,1.0,,,,1,,,,0,1,39990,,170,11
6,1.0,Core i3,,,1.0,,,,1,,,,0,2,46390,,95,5
1,1.0,Celeron Dual,,,3.0,,,,1,,,,0,2,18990,,197,25
1,1.0,Celeron Dual,,,3.0,,,,2,,,,0,2,17990,,1180,148
5,1.0,Celeron Dual,,,1.0,,,,1,,,,0,2,26470,,232,23
5,1.0,Celeron Dual,,,1.0,,,,1,,,,0,2,27990,,596,65
2,1.0,Celeron Dual,,,1.0,,,,2,,,,0,2,29999,,19,1
2,1.0,Celeron Dual,,,,,,,1,,,,0,2,25990,,84,16
2,1.0,Celeron Dual,,,3.0,,,,2,,,,0,2,16990,,414,54
2,1.0,Celeron Dual,,,3.0,,,,2,,,,0,2,24990,,70,16
3,1.0,Core i5,,,,,,,2,,,,0,2,50990,,10966,1185
3,1.0,Core i5,,,3.0,,,,2,,,,0,2,119990,,1,1
3,1.0,Core i5,,,3.0,,,,2,,,,0,2,94190,,31,6
1,1.0,Core i5,,,3.0,,,,2,,,,0,2,106167,,1881,241
6,1.0,Core i5,,,3.0,,,,2,,,,0,2,68090,,23,4
6,1.0,Core i5,,,3.0,,,,2,,,,0,2,139990,,0,0
5,1.0,Core i5,,,3.0,,,,2,,,,0,2,55990,,818,109
5,1.0,Core i5,,,3.0,,,,2,,,,0,2,102551,,0,0
2,1.0,Core i5,,,3.0,,,,2,,,,0,2,46990,,4428,569
5,1.0,Core i5,,,1.0,,,,1,,,,0,2,76012,,129,16
2,1.0,Core i5,,,1.0,,,,1,,,,0,1,49490,,365,35
3,1.0,Core i5,,,2.0,,,,1,,,,0,1,86867,,39,3
1,1.0,Core i5,,,1.0,,,,1,,,,0,2,48990,,0,0
6,1.0,Core i5,,,1.0,,,,1,,,,0,2,55990,,3,0
3,1.0,Core i5,,,2.0,,,,1,,,,1,1,81998,,14,3
5,1.0,Core i5,,,1.0,,,,1,,,,1,1,136590,,0,0
3,1.0,Core i5,,,1.0,,,,1,,,,0,2,59490,,33,7
1,1.0,Core i5,,,1.0,,,,1,,,,0,2,49800,,0,0
2,1.0,Core i5,,,1.0,,,,1,,,,0,1,61999,,4,0
5,1.0,Core i5,,,1.0,,,,1,,,,0,2,54990,,116,15
5,1.0,Core i5,,,1.0,,,,1,,,,0,2,53990,,206,17
2,1.0,Core i5,,,1.0,,,,1,,,,0,1,52990,,300,24
5,1.0,Core i5,,,1.0,,,,1,,,,0,1,67990,,108,6
1,1.0,Core i5,,,1.0,,,,1,,,,0,2,57990,,3712,412
2,1.0,Core i5,,,1.0,,,,1,,,,0,1,62300,,825,95
2,1.0,Core i5,,,1.0,,,,1,,,,0,2,52990,,0,0
2,1.0,Core i5,,,1.0,,,,1,,,,0,1,51990,,85,4
2,1.0,Core i5,,,1.0,,,,1,,,,0,2,61990,,56,7
1,1.0,Core i5,,,,,,,2,,,,1,1,63990,,10,1
2,1.0,Core i5,,,1.0,,,,1,,,,0,1,65990,,17,4
3,1.0,Core i5,,,1.0,,,,1,,,,0,2,52990,,155,20
2,1.0,Core i5,,,1.0,,,,1,,,,0,2,49990,,0,0
1,1.0,Core i5,,,1.0,,,,1,,,,0,2,71990,,91,17
1,1.0,Core i5,,,1.0,,,,1,,,,0,2,47990,,35,2
2,1.0,Core i5,,,1.0,,,,2,,,,0,1,48490,,126,13
1,1.0,Core i5,,,1.0,,,,1,,,,0,2,72990,,74,10
7,1.0,Core i5,,,1.0,,,,1,,,,0,2,76990,,75,17
1,1.0,Core i5,,,1.0,,,,1,,,,0,1,89990,,124,17
7,1.0,Core i5,,,1.0,,,,1,,,,0,2,59990,,1597,228
1,1.0,Core i5,,,1.0,,,,1,,,,0,1,65990,,3850,378
6,1.0,Core i5,,,1.0,,,,1,,,,1,2,71990,,7,1
6,1.0,Core i5,,,1.0,,,,1,,,,1,2,71890,,3,0
2,1.0,Core i5,,,1.0,,,,1,,,,0,2,64990,,0,0
1,1.0,Core i5,,,1.0,,,,1,,,,0,2,65990,,0,0
5,1.0,Core i5,,,1.0,,,,1,,,,0,2,55999,,5,1
1,1.0,Core i5,,,1.0,,,,1,,,,0,2,73490,,213,45
5,1.0,Core i5,,,1.0,,,,1,,,,0,1,74490,,10,0
5,1.0,Core i5,,,1.0,,,,1,,,,0,1,58340,,69,6
3,1.0,Core i5,,,1.0,,,,1,,,,0,2,55999,,6,0
6,1.0,Core i5,,,1.0,,,,1,,,,0,2,67990,,93,9
1,1.0,Core i5,,,1.0,,,,1,,,,0,2,59990,,11,2
1,1.0,Core i5,,,1.0,,,,1,,,,0,1,82990,,262,31
6,1.0,Core i5,,,1.0,,,,1,,,,0,1,64190,,0,0
6,1.0,Core i5,,,1.0,,,,1,,,,0,2,70090,,5,1
1,1.0,Core i5,,,1.0,,,,1,,,,0,2,49990,,45,3
7,1.0,Core i5,,,1.0,,,,1,,,,0,2,55490,,8,1
5,1.0,Core i5,,,,,,,1,,,,1,2,97990,,3,1
1,1.0,Core i5,,,1.0,,,,1,,,,0,1,54990,,1681,227
2,1.0,Core i5,,,1.0,,,,1,,,,0,1,59990,,37,2
2,1.0,Core i5,,,1.0,,,,1,,,,0,1,53990,,61,2
5,1.0,Core i5,,,1.0,,,,1,,,,0,1,66999,,17,1
3,1.0,Core i5,,,,,,,1,,,,0,1,60990,,17,1
1,1.0,Core i5,,,1.0,,,,1,,,,0,1,47990,,1625,152
5,1.0,Core i5,,,1.0,,,,2,,,,0,1,59999,,4,1
6,1.0,Core i5,,,1.0,,,,1,,,,0,2,79990,,0,0
1,1.0,Core i5,,,1.0,,,,1,,,,0,2,63990,,0,0
5,1.0,Core i5,,,1.0,,,,1,,,,0,1,63990,,17,1
1,1.0,Core i5,,,1.0,,,,1,,,,0,2,59990,,0,0
2,1.0,Core i5,,,1.0,,,,1,,,,0,2,55990,,0,0
1,1.0,Core i5,,,1.0,,,,1,,,,0,2,59990,,0,0
5,1.0,Core i5,,,1.0,,,,1,,,,0,1,63990,,3,0
6,1.0,Core i5,,,1.0,,,,1,,,,0,1,69490,,0,0
6,1.0,Core i5,,,1.0,,,,1,,,,1,1,89390,,0,0
1,1.0,Core i5,,,,,,,1,,,,0,2,74990,,0,0
2,1.0,Core i5,,,1.0,,,,1,,,,1,1,64990,,48,12
2,1.0,Core i5,,,1.0,,,,1,,,,0,1,66490,,282,36
6,1.0,Core i5,,,1.0,,,,1,,,,0,1,89702,,0,0
2,1.0,Core i5,,,1.0,,,,1,,,,0,1,70990,,67,4
1,1.0,Core i5,,,1.0,,,,1,,,,1,1,58990,,0,0
2,1.0,Core i5,,,1.0,,,,1,,,,0,1,57500,,0,0
6,1.0,Core i5,,,1.0,,,,1,,,,1,1,79990,,23,2
7,1.0,Core i5,,,1.0,,,,1,,,,0,2,56541,,677,87
1,1.0,Core i5,,,1.0,,,,1,,,,0,2,59990,,3,0
2,1.0,Core i5,,,1.0,,,,1,,,,0,1,64990,,46,4
6,1.0,Core i5,,,1.0,,,,1,,,,0,2,61290,,4,1
2,1.0,Core i5,,,1.0,,,,1,,,,0,1,54990,,9,1
2,1.0,Core i5,,,1.0,,,,1,,,,0,1,59990,,26,4
1,1.0,Core i5,,,1.0,,,,2,,,,0,2,84990,,5,0
5,1.0,Core i5,,,1.0,,,,1,,,,0,1,72500,,40,3
2,1.0,Core i5,,,1.0,,,,1,,,,0,2,59990,,44,6
2,1.0,Core i5,,,1.0,,,,1,,,,1,1,87990,,28,6
5,1.0,Core i5,,,1.0,,,,1,,,,0,2,57990,,1541,123
6,1.0,Core i5,,,1.0,,,,1,,,,0,1,69490,,72,7
2,1.0,Core i5,,,1.0,,,,1,,,,1,1,68990,,44,8
2,1.0,Core i5,,,1.0,,,,2,,,,0,1,77990,,17,2
1,1.0,Core i5,,,,,,,1,,,,1,2,105990,,59,11
7,1.0,Core i5,,,,,,,1,,,,0,2,79990,,0,0
6,1.0,Core i5,,,1.0,,,,1,,,,0,1,55490,,337,27
2,1.0,Core i5,,,1.0,,,,1,,,,0,1,69990,,10,2
1,1.0,Core i5,,,1.0,,,,1,,,,1,1,84990,,10,2
6,1.0,Core i5,,,1.0,,,,1,,,,0,2,59990,,31,7
6,1.0,Core i5,,,,,,,1,,,,0,1,111890,,0,0
6,1.0,Core i5,,,1.0,,,,1,,,,0,2,65990,,10,0
1,1.0,Core i5,,,,,,,2,,,,0,1,72990,,76,14
6,1.0,Core i5,,,1.0,,,,1,,,,0,1,71090,,44,6
7,1.0,Core i5,,,1.0,,,,1,,,,0,2,74990,,0,0
1,1.0,Core i5,,,4.0,,,,1,,,,0,1,79990,,11,3
7,1.0,Core i5,,,1.0,,,,1,,,,0,2,55490,,138,16
6,1.0,Core i5,,,1.0,,,,1,,,,0,1,66490,,199,17
1,1.0,Core i5,,,1.0,,,,1,,,,0,1,53400,,46,6
6,1.0,Core i5,,,1.0,,,,1,,,,1,1,74500,,45,5
6,1.0,Core i5,,,,,,,1,,,,0,1,114990,,0,0
6,1.0,Core i5,,,1.0,,,,1,,,,0,2,61990,,35,4
8,1.0,Core i5,,,,,,,1,,,,0,2,159990,,32,5
8,1.0,Core i5,,,2.0,,,,1,,,,0,2,172090,,108,13
7,1.0,Core i5,,,1.0,,,,1,,,,0,2,74990,,0,0
7,1.0,Core i5,,,1.0,,,,1,,,,0,2,56490,,814,112
2,1.0,Core i5,,,1.0,,,,1,,,,0,2,147000,,0,0
2,1.0,Core i5,,,1.0,,,,1,,,,0,1,55990,,75,9
5,1.0,Core i5,,,1.0,,,,1,,,,0,1,77990,,0,0
5,1.0,Core i5,,,1.0,,,,1,,,,0,1,106490,,3,0
2,1.0,Core i5,,,1.0,,,,2,,,,0,1,70990,,11,3
2,1.0,Core i5,,,1.0,,,,1,,,,0,1,64990,,125,11
3,1.0,Core i5,,,1.0,,,,1,,,,0,2,57990,,0,0
1,1.0,Core i5,,,1.0,,,,1,,,,0,2,64990,,4,0
7,1.0,Core i5,,,1.0,,,,1,,,,0,2,54990,,714,147
5,1.0,Core i5,,,,,,,1,,,,1,2,111999,,0,0
2,1.0,Core i5,,,,,,,1,,,,0,1,70798,,21,3
2,1.0,Core i5,,,1.0,,,,1,,,,0,2,59990,,9,1
3,1.0,Core i5,,,1.0,,,,1,,,,0,2,99500,,0,0
5,1.0,Core i5,,,1.0,,,,1,,,,0,1,55990,,30,4
1,1.0,Core i5,,,4.0,,,,1,,,,0,2,72990,,44,4
3,1.0,Core i5,,,2.0,,,,1,,,,0,2,64990,,4,1
1,1.0,Core i5,,,1.0,,,,1,,,,0,2,57990,,0,0
5,1.0,Core i5,,,1.0,,,,1,,,,1,1,76990,,14,2
2,1.0,Core i5,,,1.0,,,,1,,,,0,1,62998,,739,71
6,1.0,Core i5,,,1.0,,,,1,,,,1,1,77990,,31,5
5,1.0,Core i5,,,1.0,,,,1,,,,1,1,114990,,145,19
6,1.0,Core i5,,,1.0,,,,1,,,,0,1,65990,,0,0
6,1.0,Core i5,,,1.0,,,,1,,,,0,1,88990,,19,2
2,1.0,Core i5,,,1.0,,,,1,,,,0,2,113590,,0,0
1,1.0,Core i5,,,,,,,1,,,,1,1,73990,,32,6
5,1.0,Core i5,,,1.0,,,,1,,,,0,1,61000,,1124,100
1,1.0,Core i5,,,,,,,1,,,,1,2,99990,,35,6
2,1.0,Core i5,,,1.0,,,,1,,,,0,1,67990,,9,0
6,1.0,Core i5,,,1.0,,,,1,,,,1,1,70799,,98,6
2,1.0,Core i5,,,1.0,,,,1,,,,0,1,65990,,31,2
1,1.0,Core i5,,,1.0,,,,1,,,,0,2,53690,,19,3
7,1.0,Core i5,,,1.0,,,,1,,,,0,2,55990,,0,0
1,1.0,Core i5,,,1.0,,,,1,,,,0,1,53190,,11,0
2,1.0,Core i5,,,1.0,,,,2,,,,0,1,58999,,45,3
6,1.0,Core i5,,,1.0,,,,1,,,,0,2,71990,,0,0
5,1.0,Core i5,,,1.0,,,,2,,,,0,2,82000,,0,0
1,1.0,Core i5,,,,,,,1,,,,0,2,84990,,0,0
2,1.0,Core i5,,,1.0,,,,1,,,,0,2,89998,,0,0
1,1.0,Core i5,,,,,,,1,,,,1,2,99990,,0,0
1,1.0,Core i5,,,,,,,1,,,,0,2,84990,,0,0
2,1.0,Core i5,,,1.0,,,,1,,,,0,2,69899,,474,37
6,1.0,Core i5,,,1.0,,,,1,,,,0,2,79990,,0,0
6,1.0,Core i5,,,1.0,,,,1,,,,0,2,76300,,6,0
2,1.0,Core i5,,,1.0,,,,1,,,,0,1,55999,,0,0
6,1.0,Core i5,,,1.0,,,,1,,,,0,2,72900,,24,4
6,1.0,Core i5,,,1.0,,,,1,,,,1,1,73990,,195,17
1,1.0,Core i5,,,3.0,,,,1,,,,0,2,84990,,0,0
6,1.0,Core i5,,,1.0,,,,2,,,,0,2,73519,,0,0
5,1.0,Core i5,,,1.0,,,,1,,,,1,2,126000,,2,1
1,1.0,Core i5,,,1.0,,,,1,,,,0,2,88990,,0,0
5,1.0,Core i5,,,1.0,,,,1,,,,1,1,114999,,0,0
6,1.0,Core i5,,,1.0,,,,1,,,,1,1,82990,,21,2
3,1.0,Core i5,,,1.0,,,,1,,,,1,2,109999,,0,0
2,1.0,Core i5,,,1.0,,,,1,,,,1,1,82990,,0,0
6,1.0,Core i5,,,1.0,,,,1,,,,1,1,79990,,5,0
1,1.0,Core i5,,,,,,,1,,,,1,2,114990,,0,0
5,1.0,Core i5,,,,,,,1,,,,1,2,129999,,0,0
7,1.0,Core i5,,,,,,,2,,,,0,2,149990,,10,3
6,1.0,Core i5,,,1.0,,,,1,,,,0,2,71290,,0,0
6,1.0,Core i5,,,1.0,,,,1,,,,0,1,79500,,10,1
6,1.0,Core i5,,,1.0,,,,1,,,,0,1,82990,,15,3
6,1.0,Core i5,,,1.0,,,,1,,,,0,1,70980,,138,23
1,1.0,Core i5,,,,,,,1,,,,1,2,99990,,0,0
5,1.0,Core i5,,,1.0,,,,2,,,,0,2,94000,,0,0
6,1.0,Core i5,,,1.0,,,,1,,,,1,2,82990,,16,3
7,1.0,Core i5,,,,,,,1,,,,0,2,79990,,11,4
1,1.0,Core i5,,,1.0,,,,1,,,,0,2,85990,,0,0
1,1.0,Core i5,,,1.0,,,,1,,,,0,2,86990,,0,0
1,1.0,Core i5,,,4.0,,,,1,,,,0,1,105990,,4,0
1,1.0,Core i5,,,4.0,,,,1,,,,0,2,84990,,0,0
2,1.0,Core i5,,,1.0,,,,1,,,,0,1,59999,,22,3
2,1.0,Core i5,,,1.0,,,,1,,,,0,1,91999,,16,2
6,1.0,Core i5,,,1.0,,,,1,,,,1,1,78900,,16,1
1,1.0,Core i5,,,4.0,,,,1,,,,0,2,132790,,0,0
2,1.0,Core i5,,,1.0,,,,1,,,,0,2,60990,,14,6
4,1.0,Core i5,,,1.0,,,,1,,,,0,2,65556,,0,0
6,1.0,Core i5,,,1.0,,,,1,,,,0,2,70190,,6,3
6,1.0,Core i5,,,1.0,,,,1,,,,1,2,79590,,0,0
4,1.0,Core i5,,,1.0,,,,1,,,,0,2,65556,,0,0
1,1.0,Core i5,,,1.0,,,,1,,,,0,2,76990,,0,0
4,1.0,Core i5,,,1.0,,,,1,,,,0,2,65556,,0,0
4,1.0,Core i5,,,1.0,,,,1,,,,0,2,44990,,17,3
1,1.0,Core i5,,,1.0,,,,1,,,,1,1,84990,,17,2
2,1.0,Core i5,,,1.0,,,,1,,,,1,1,86999,,3,0
5,1.0,Core i5,,,1.0,,,,1,,,,0,2,78000,,512,85
4,1.0,Core i5,,,1.0,,,,1,,,,0,2,73063,,17,3
4,1.0,Core i5,,,1.0,,,,1,,,,0,2,73063,,17,3
5,1.0,Core i5,,,1.0,,,,1,,,,0,1,100990,,0,0
2,1.0,Core i5,,,1.0,,,,1,,,,0,1,74990,,3,1
1,1.0,Core i5,,,1.0,,,,1,,,,0,2,75990,,1365,137
2,1.0,Core i5,,,1.0,,,,2,,,,0,1,84086,,8,3
1,1.0,Core i5,,,1.0,,,,1,,,,0,2,75990,,368,48
1,1.0,Core i5,,,1.0,,,,1,,,,0,1,77990,,202,26
1,1.0,Core i5,,,1.0,,,,1,,,,0,2,77990,,187,26
8,1.0,Core i5,,,,,,,1,,,,0,2,179990,,31,3
8,1.0,Core i5,,,,,,,1,,,,0,2,179990,,91,5
1,1.0,Core i5,,,1.0,,,,1,,,,0,2,82990,,844,118
1,1.0,Core i5,,,1.0,,,,1,,,,0,2,87990,,0,0
1,1.0,Core i5,,,1.0,,,,1,,,,0,2,84500,,3,0
6,1.0,Core i5,,,,,,,1,,,,0,2,74190,,21,3
2,1.0,Core i5,,,1.0,,,,1,,,,0,1,64990,,4,0
2,1.0,Core i5,,,1.0,,,,1,,,,1,2,155411,,0,0
2,1.0,Core i5,,,1.0,,,,1,,,,1,2,125394,,0,0
3,1.0,Core i5,,,1.0,,,,1,,,,0,2,49990,,0,0
3,1.0,Core i5,,,1.0,,,,1,,,,0,2,46990,,253,28
6,1.0,Core i5,,,1.0,,,,1,,,,0,1,48990,,470,46
3,1.0,Core i5,,,1.0,,,,1,,,,0,1,59999,,118,28
1,1.0,Core i5,,,1.0,,,,1,,,,0,2,46990,,1444,179
7,1.0,Core i5,,,1.0,,,,1,,,,0,2,52990,,1114,137
2,1.0,Core i5,,,1.0,,,,2,,,,0,2,57999,,0,0
2,1.0,Core i5,,,2.0,,,,1,,,,0,2,52490,,78,17
2,1.0,Core i5,,,1.0,,,,1,,,,0,2,56990,,21,5
3,1.0,Core i5,,,1.0,,,,1,,,,0,2,61990,,73,21
6,1.0,Core i5,,,1.0,,,,2,,,,0,2,58090,,0,0
1,1.0,Core i5,,,1.0,,,,1,,,,0,2,56990,,0,0
3,1.0,Core i5,,,1.0,,,,1,,,,0,2,61597,,0,0
1,1.0,Core i5,,,1.0,,,,1,,,,0,2,81990,,0,0
1,1.0,Core i5,,,1.0,,,,1,,,,0,2,61249,,0,0
6,1.0,Core i5,,,1.0,,,,2,,,,0,2,58990,,0,0
1,1.0,Core i5,,,1.0,,,,1,,,,0,2,83990,,0,0
7,1.0,Core i5,,,3.0,,,,2,,,,0,2,291190,,7,3
7,1.0,Core i5,,,3.0,,,,2,,,,0,2,145990,,715,106
7,1.0,Core i5,,,3.0,,,,2,,,,0,2,179990,,24,5
5,1.0,Core i5,,,1.0,,,,1,,,,0,1,64990,,23,4
5,1.0,Core i5,,,1.0,,,,1,,,,0,2,46790,,3062,325
5,1.0,Core i5,,,1.0,,,,1,,,,0,2,44599,,122,12
3,1.0,Core i5,,,1.0,,,,1,,,,0,2,72964,,18,6
5,1.0,Core i5,,,1.0,,,,2,,,,0,1,48790,,11,1
3,1.0,Core i5,,,1.0,,,,1,,,,0,2,56491,,30,6
1,1.0,Core i5,,,1.0,,,,2,,,,0,1,50990,,1188,127
1,1.0,Core i5,,,1.0,,,,1,,,,0,2,55990,,23,0
3,1.0,Core i5,,,1.0,,,,1,,,,0,2,57990,,32,1
1,1.0,Core i5,,,1.0,,,,1,,,,0,2,52990,,0,0
6,1.0,Core i5,,,1.0,,,,1,,,,0,2,57990,,47,0
3,1.0,Core i5,,,1.0,,,,1,,,,0,2,56990,,27,2
3,1.0,Core i5,,,1.0,,,,1,,,,0,2,55490,,8,3
6,1.0,Core i5,,,1.0,,,,1,,,,0,2,62490,,157,20
1,1.0,Core i5,,,1.0,,,,1,,,,0,2,64990,,10,1
2,1.0,Core i5,,,1.0,,,,1,,,,0,1,59990,,52,4
1,1.0,Core i5,,,1.0,,,,1,,,,0,1,60190,,33,4
1,1.0,Core i5,,,1.0,,,,1,,,,0,2,54490,,343,47
2,1.0,Core i5,,,1.0,,,,1,,,,0,1,60990,,131,17
6,1.0,Core i5,,,1.0,,,,1,,,,0,1,55790,,41,4
1,1.0,Core i5,,,1.0,,,,1,,,,0,1,64990,,328,51
1,1.0,Core i5,,,1.0,,,,1,,,,0,2,58990,,6,1
6,1.0,Core i5,,,1.0,,,,1,,,,0,1,54990,,353,28
5,1.0,Core i5,,,1.0,,,,1,,,,0,1,71990,,127,20
6,1.0,Core i5,,,1.0,,,,1,,,,0,2,69900,,0,0
2,1.0,Core i5,,,1.0,,,,1,,,,0,1,65990,,241,19
1,1.0,Core i5,,,1.0,,,,1,,,,0,2,49990,,22,2
6,1.0,Core i5,,,1.0,,,,1,,,,0,1,58990,,8,1
2,1.0,Core i5,,,1.0,,,,1,,,,0,2,74590,,898,128
1,1.0,Core i5,,,1.0,,,,2,,,,0,2,58990,,1,1
1,1.0,Core i5,,,1.0,,,,1,,,,0,2,64990,,0,0
6,1.0,Core i5,,,1.0,,,,1,,,,0,2,66490,,6,1
6,1.0,Core i5,,,1.0,,,,1,,,,0,2,77900,,179,34
6,1.0,Core i5,,,1.0,,,,1,,,,0,2,67490,,41,5
6,1.0,Core i5,,,1.0,,,,1,,,,0,1,61990,,0,0
6,1.0,Core i5,,,1.0,,,,1,,,,0,1,58990,,114,9
2,1.0,Core i5,,,1.0,,,,1,,,,0,2,74999,,268,25
1,1.0,Core i5,,,1.0,,,,1,,,,0,1,68900,,6,1
6,1.0,Core i5,,,1.0,,,,1,,,,0,2,71695,,153,16
3,1.0,Core i5,,,1.0,,,,1,,,,0,2,62490,,8,0
6,1.0,Core i5,,,1.0,,,,1,,,,0,1,62317,,377,53
7,1.0,Core i5,,,3.0,,,,2,,,,0,2,207290,,0,0
6,1.0,Core i7,,,1.0,,,,1,,,,0,1,87990,,120,21
4,1.0,Core i7,,,1.0,,,,1,,,,0,2,73990,,0,0
4,1.0,Core i7,,,1.0,,,,1,,,,0,2,73990,,0,0
4,1.0,Core i7,,,1.0,,,,1,,,,0,2,73990,,0,0
4,1.0,Core i7,,,1.0,,,,1,,,,0,2,73990,,0,0
4,1.0,Core i7,,,1.0,,,,1,,,,0,2,73990,,0,0
4,1.0,Core i7,,,1.0,,,,1,,,,0,2,73990,,0,0
1,1.0,Core i7,,,1.0,,,,1,,,,0,2,57990,,76,9
1,1.0,Core i7,,,1.0,,,,1,,,,0,2,61990,,11,2
7,1.0,Core i7,,,1.0,,,,1,,,,0,2,79990,,484,56
2,1.0,Core i7,,,1.0,,,,1,,,,0,1,68990,,44,2
2,1.0,Core i7,,,1.0,,,,1,,,,1,1,85990,,77,10
2,1.0,Core i7,,,1.0,,,,1,,,,0,1,99990,,11,3
1,1.0,Core i7,,,1.0,,,,1,,,,0,1,77990,,21,5
2,1.0,Core i7,,,1.0,,,,1,,,,0,2,79990,,5,2
5,1.0,Core i7,,,1.0,,,,1,,,,0,1,93190,,4,0
1,1.0,Core i7,,,,,,,1,,,,0,1,94990,,0,0
2,1.0,Core i7,,,1.0,,,,1,,,,1,1,84990,,13,2
7,1.0,Core i7,,,1.0,,,,1,,,,0,2,57990,,15,0
5,1.0,Core i7,,,1.0,,,,1,,,,1,1,102990,,11,2
6,1.0,Core i7,,,1.0,,,,1,,,,0,2,99990,,0,0
1,1.0,Core i7,,,1.0,,,,1,,,,0,2,94990,,118,15
5,1.0,Core i7,,,1.0,,,,1,,,,1,1,104000,,0,0
7,1.0,Core i7,,,1.0,,,,1,,,,0,2,76990,,0,0
5,1.0,Core i7,,,1.0,,,,1,,,,0,1,90190,,6,1
2,1.0,Core i7,,,1.0,,,,2,,,,1,2,88488,,0,0
7,1.0,Core i7,,,1.0,,,,1,,,,0,2,109990,,138,30
7,1.0,Core i7,,,1.0,,,,1,,,,0,2,86990,,0,0
7,1.0,Core i7,,,,,,,1,,,,0,2,89990,,0,0
5,1.0,Core i7,,,4.0,,,,1,,,,1,1,239759,,0,0
1,1.0,Core i7,,,1.0,,,,1,,,,0,1,78990,,35,4
6,1.0,Core i7,,,2.0,,,,1,,,,0,1,121890,,3,0
1,1.0,Core i7,,,4.0,,,,1,,,,0,2,85990,,18,0
7,1.0,Core i7,,,1.0,,,,1,,,,0,2,94990,,0,0
5,1.0,Core i7,,,1.0,,,,1,,,,0,1,92000,,8,1
5,1.0,Core i7,,,1.0,,,,1,,,,1,2,162990,,3,1
6,1.0,Core i7,,,,,,,1,,,,0,1,135300,,5,2
7,1.0,Core i7,,,1.0,,,,1,,,,0,2,64990,,33,5
2,1.0,Core i7,,,1.0,,,,1,,,,0,2,174527,,0,0
2,1.0,Core i7,,,1.0,,,,1,,,,0,2,162299,,0,0
6,1.0,Core i7,,,1.0,,,,1,,,,1,1,109190,,0,0
5,1.0,Core i7,,,1.0,,,,1,,,,1,1,99999,,0,0
7,1.0,Core i7,,,1.0,,,,1,,,,0,2,104990,,85,9
1,1.0,Core i7,,,,,,,1,,,,1,2,109990,,0,0
1,1.0,Core i7,,,2.0,,,,1,,,,0,2,99990,,30,7
2,1.0,Core i7,,,1.0,,,,1,,,,0,2,244801,,0,0
1,1.0,Core i7,,,,,,,1,,,,0,2,94990,,0,0
2,1.0,Core i7,,,1.0,,,,1,,,,0,1,86000,,0,0
2,1.0,Core i7,,,1.0,,,,2,,,,0,2,162399,,0,0
5,1.0,Core i7,,,1.0,,,,2,,,,0,2,119599,,0,0
2,1.0,Core i7,,,4.0,,,,1,,,,0,2,211753,,0,0
2,1.0,Core i7,,,1.0,,,,2,,,,0,2,110999,,0,0
6,1.0,Core i7,,,1.0,,,,1,,,,0,2,99990,,0,0
1,1.0,Core i7,,,4.0,,,,1,,,,0,2,81990,,40,4
7,1.0,Core i7,,,1.0,,,,1,,,,0,2,66990,,1639,230
7,1.0,Core i7,,,1.0,,,,1,,,,0,2,84990,,498,64
1,1.0,Core i7,,,,,,,1,,,,1,1,104990,,0,0
1,1.0,Core i7,,,,,,,1,,,,1,2,134990,,0,0
1,1.0,Core i7,,,1.0,,,,1,,,,0,2,98990,,445,56
5,1.0,Core i7,,,1.0,,,,1,,,,0,1,144690,,17,4
1,1.0,Core i7,,,,,,,1,,,,0,2,99990,,0,0
7,1.0,Core i7,,,1.0,,,,1,,,,0,2,119990,,20,3
1,1.0,Core i7,,,1.0,,,,2,,,,0,2,194990,,0,0
1,1.0,Core i7,,,4.0,,,,1,,,,0,1,124990,,17,1
6,1.0,Core i7,,,1.0,,,,1,,,,0,2,122410,,0,0
5,1.0,Core i7,,,1.0,,,,1,,,,1,2,179990,,13,5
7,1.0,Core i7,,,1.0,,,,1,,,,1,2,154990,,3,2
2,1.0,Core i7,,,,,,,1,,,,0,1,122990,,4,2
1,1.0,Core i7,,,1.0,,,,1,,,,1,2,224990,,9,0
7,1.0,Core i7,,,,,,,1,,,,0,2,279990,,0,0
5,1.0,Core i7,,,1.0,,,,1,,,,0,2,121990,,0,0
5,1.0,Core i7,,,1.0,,,,1,,,,0,2,116990,,0,0
2,1.0,Core i7,,,1.0,,,,1,,,,0,2,151098,,7,0
7,1.0,Core i7,,,1.0,,,,1,,,,0,2,129990,,14,3
5,1.0,Core i7,,,,,,,1,,,,1,2,149999,,0,0
7,1.0,Core i7,,,1.0,,,,1,,,,0,2,139990,,4,2
3,1.0,Core i7,,,1.0,,,,1,,,,0,2,129990,,54,7
5,1.0,Core i7,,,1.0,,,,1,,,,0,1,171990,,0,0
6,1.0,Core i7,,,1.0,,,,1,,,,0,1,93955,,4,0
1,1.0,Core i7,,,1.0,,,,1,,,,0,2,234990,,0,0
5,1.0,Core i7,,,,,,,1,,,,1,1,128500,,3,1
2,1.0,Core i7,,,1.0,,,,1,,,,1,1,102990,,16,2
1,1.0,Core i7,,,,,,,1,,,,1,2,119990,,8,1
1,1.0,Core i7,,,1.0,,,,2,,,,0,2,120980,,0,0
1,1.0,Core i7,,,1.0,,,,2,,,,0,2,157249,,7,0
2,1.0,Core i7,,,1.0,,,,1,,,,0,2,229900,,0,0
1,1.0,Core i7,,,1.0,,,,1,,,,0,2,131500,,0,0
1,1.0,Core i7,,,4.0,,,,1,,,,0,2,154990,,3,0
1,1.0,Core i7,,,4.0,,,,1,,,,0,2,165990,,0,0
2,1.0,Core i7,,,,,,,1,,,,0,2,119990,,2,1
1,1.0,Core i7,,,4.0,,,,1,,,,0,2,167990,,0,0
5,1.0,Core i7,,,,,,,1,,,,1,2,165000,,0,0
4,1.0,Core i7,,,1.0,,,,1,,,,0,2,62990,,207,49
2,1.0,Core i7,,,3.0,,,,1,,,,0,1,85990,,7,2
5,1.0,Core i7,,,1.0,,,,1,,,,0,1,94990,,0,0
5,1.0,Core i7,,,1.0,,,,1,,,,0,1,136990,,0,0
2,1.0,Core i7,,,1.0,,,,1,,,,0,1,234990,,0,0
3,1.0,Core i7,,,1.0,,,,1,,,,0,2,159990,,4,0
1,1.0,Core i7,,,4.0,,,,1,,,,0,2,233990,,0,0
1,1.0,Core i7,,,1.0,,,,1,,,,0,2,93990,,0,0
5,1.0,Core i7,,,1.0,,,,1,,,,0,2,116941,,0,0
7,1.0,Core i7,,,1.0,,,,1,,,,0,2,63990,,794,83
1,1.0,Core i7,,,1.0,,,,1,,,,0,2,66990,,25,4
1,1.0,Core i7,,,1.0,,,,2,,,,0,2,82500,,0,0
3,1.0,Core i7,,,1.0,,,,1,,,,0,2,119990,,2038,313
7,1.0,Core i7,,,1.0,,,,1,,,,0,2,159990,,0,0
1,1.0,Core i7,,,1.0,,,,1,,,,0,2,98912,,0,0
3,1.0,Core i7,,,1.0,,,,1,,,,0,2,92990,,214,37
3,1.0,Core i7,,,1.0,,,,2,,,,0,2,119990,,342,54
3,1.0,Core i9,,,1.0,,,,1,,,,0,2,169990,,0,0
3,1.0,Core i9,,,1.0,,,,1,,,,0,2,139990,,0,0
7,1.0,Core i9,,,1.0,,,,1,,,,0,2,192990,,0,0
1,1.0,Core i9,,,,,,,1,,,,0,2,299990,,0,0
1,1.0,Core i9,,,1.0,,,,1,,,,1,2,269990,,8,1
1,1.0,Core i9,,,1.0,,,,1,,,,0,2,139990,,0,0
2,1.0,Core i9,,,1.0,,,,2,,,,0,2,265998,,0,0
1,1.0,Core i9,,,1.0,,,,2,,,,0,2,441990,,1,1
7,1.0,Core i5,,,3.0,,,,2,,,,0,2,86990,,218,27
7,1.0,Core i5,,,3.0,,,,2,,,,0,2,109990,,78,16
7,1.0,Core i5,,,3.0,,,,2,,,,0,2,109590,,5,2
1,1.0,Core i7,,,,,,,2,,,,0,2,146490,,2,1
8,,M1,,,1.0,,,,1,,,,0,2,85990,,6725,629
8,,M1,,,1.0,,,,1,,,,0,2,112990,,640,70
8,,M1,,,1.0,,,,1,,,,0,2,104990,,45,4
8,,M1,,,1.0,,,,1,,,,0,2,112990,,640,70
8,,M1,,,1.0,,,,1,,,,0,2,132990,,640,70
8,,M1,,,1.0,,,,1,,,,0,2,104990,,45,4
8,,M1,,,1.0,,,,1,,,,0,2,85990,,6725,629
8,,M1,,,1.0,,,,1,,,,0,2,149990,,640,70
8,,M1,,,1.0,,,,1,,,,0,2,125990,,399,45
8,,M1,,,1.0,,,,1,,,,0,2,103990,,809,91
8,,M1,,,1.0,,,,1,,,,0,2,101990,,809,91
8,,M1,,,1.0,,,,1,,,,0,2,104990,,6725,629
8,,M1,,,1.0,,,,1,,,,0,2,131990,,399,45
8,,M1,,,1.0,,,,1,,,,0,2,128990,,45,4
8,,M1,,,1.0,,,,1,,,,0,2,184990,,42,8
8,,M1,,,1.0,,,,1,,,,0,2,225990,,42,8
8,,M1,,,1.0,,,,1,,,,0,2,124990,,45,4
8,,M1,,,1.0,,,,1,,,,0,2,104990,,6725,629
8,,M1,,,1.0,,,,1,,,,0,2,149990,,640,70
8,,M1,,,1.0,,,,1,,,,0,2,169990,,640,70
8,,M1,,,1.0,,,,1,,,,0,2,225990,,42,8
8,,M1,,,1.0,,,,1,,,,0,2,243990,,42,8
8,,M1,,,1.0,,,,1,,,,0,2,309990,,3,1
8,,M1,,,1.0,,,,1,,,,0,2,225990,,42,8
1,1.0,Pentium Quad,,,,,,,1,,,,0,2,45990,,0,0
1,1.0,Pentium Quad,,,1.0,,,,2,,,,1,2,58100,,0,0
1,1.0,Pentium Quad,,,,,,,1,,,,1,2,62990,,0,0
5,1.0,Pentium Quad,,,1.0,,,,1,,,,0,1,32990,,77,9
1,1.0,Pentium Quad,,,1.0,,,,1,,,,0,1,33990,,6,0
3,1.0,Pentium Quad,,,1.0,,,,1,,,,0,2,30990,,465,89
6,1.0,Pentium Quad,,,1.0,,,,1,,,,0,2,36000,,102,16
1,1.0,Pentium Quad,,,1.0,,,,1,,,,0,1,32990,,7,1
6,1.0,Pentium Quad,,,1.0,,,,1,,,,0,2,35990,,0,0
1,1.0,Pentium Quad,,,3.0,,,,1,,,,0,2,27990,,0,0
1,1.0,Pentium Quad,,,1.0,,,,1,,,,0,2,25990,,4741,658
1,1.0,Pentium Quad,,,1.0,,,,1,,,,0,2,25990,,2736,350
1,1.0,Pentium Quad,,,1.0,,,,1,,,,0,2,30780,,0,0
5,2.0,Ryzen 3,,,1.0,,,,1,,,,0,2,37990,,2214,241
1,2.0,Ryzen 3,,,1.0,,,,1,,,,0,2,35990,,2886,375
6,2.0,Ryzen 3,,,1.0,,,,1,,,,0,2,39490,,34,4
6,2.0,Ryzen 3,,,1.0,,,,1,,,,0,2,36990,,137,15
6,2.0,Ryzen 3,,,1.0,,,,1,,,,0,2,39990,,7,0
1,2.0,Ryzen 3,,,1.0,,,,1,,,,0,2,33690,,170,26
6,2.0,Ryzen 3,,,1.0,,,,1,,,,0,2,40590,,0,0
1,2.0,Ryzen 3,,,1.0,,,,1,,,,0,2,37990,,39,3
1,2.0,Ryzen 3,,,1.0,,,,1,,,,0,1,34500,,2886,375
3,2.0,Ryzen 3,,,1.0,,,,1,,,,0,2,36990,,11,2
5,2.0,Ryzen 3,,,1.0,,,,1,,,,0,2,43490,,163,33
5,2.0,Ryzen 3,,,1.0,,,,1,,,,0,1,41490,,153,21
3,2.0,Ryzen 3,,,1.0,,,,1,,,,0,2,34990,,0,0
5,2.0,Ryzen 3,,,1.0,,,,1,,,,0,1,44490,,267,42
6,2.0,Ryzen 3,,,1.0,,,,1,,,,0,2,40590,,0,0
6,2.0,Ryzen 3,,,1.0,,,,1,,,,0,2,42090,,3,0
6,2.0,Ryzen 3,,,1.0,,,,1,,,,0,1,35990,,59,12
5,2.0,Ryzen 3,,,1.0,,,,1,,,,0,1,39490,,7291,895
6,2.0,Ryzen 3,,,1.0,,,,1,,,,0,2,37390,,38,5
6,2.0,Ryzen 3,,,1.0,,,,1,,,,0,1,52632,,0,0
6,2.0,Ryzen 3,,,1.0,,,,1,,,,0,1,39990,,409,39
6,2.0,Ryzen 3,,,1.0,,,,1,,,,0,2,43990,,0,0
5,2.0,Ryzen 3,,,1.0,,,,1,,,,0,2,32917,,353,58
2,2.0,Ryzen 3,,,1.0,,,,1,,,,0,2,34990,,38,6
6,2.0,Ryzen 3,,,1.0,,,,1,,,,0,2,39990,,18,4
5,2.0,Ryzen 3,,,1.0,,,,1,,,,0,1,41999,,3524,432
6,2.0,Ryzen 5,,,1.0,,,,1,,,,0,1,41990,,939,107
6,2.0,Ryzen 5,,,1.0,,,,1,,,,0,2,44490,,14,1
6,2.0,Ryzen 5,,,1.0,,,,1,,,,0,1,41990,,649,84
6,2.0,Ryzen 5,,,1.0,,,,1,,,,0,1,44490,,8,2
7,2.0,Ryzen 5,,,1.0,,,,1,,,,0,2,49990,,0,0
6,2.0,Ryzen 5,,,1.0,,,,1,,,,0,2,44390,,276,24
5,2.0,Ryzen 5,,,1.0,,,,1,,,,0,2,57990,,4740,532
2,2.0,Ryzen 5,,,1.0,,,,1,,,,0,1,56990,,162,15
2,2.0,Ryzen 5,,,1.0,,,,1,,,,0,2,48990,,219,27
5,2.0,Ryzen 5,,,1.0,,,,1,,,,0,1,49970,,193,28
7,2.0,Ryzen 5,,,1.0,,,,1,,,,0,2,47990,,562,89
5,2.0,Ryzen 5,,,1.0,,,,1,,,,0,1,48990,,45,5
3,2.0,Ryzen 5,,,,,,,1,,,,0,2,53990,,7,0
2,2.0,Ryzen 5,,,1.0,,,,1,,,,0,1,52990,,39,5
3,2.0,Ryzen 5,,,1.0,,,,1,,,,0,2,43990,,0,0
2,2.0,Ryzen 5,,,1.0,,,,1,,,,0,2,59490,,92,10
7,2.0,Ryzen 5,,,1.0,,,,1,,,,0,2,64990,,469,80
6,2.0,Ryzen 5,,,1.0,,,,1,,,,0,2,47490,,2,1
5,2.0,Ryzen 5,,,1.0,,,,1,,,,0,2,59990,,1978,188
2,2.0,Ryzen 5,,,1.0,,,,1,,,,0,2,69990,,9,0
5,2.0,Ryzen 5,,,1.0,,,,1,,,,0,2,58990,,1049,134
6,2.0,Ryzen 5,,,1.0,,,,1,,,,0,2,59490,,74,18
5,2.0,Ryzen 5,,,1.0,,,,1,,,,0,1,67500,,196,19
5,2.0,Ryzen 5,,,1.0,,,,2,,,,0,2,48990,,17,1
1,2.0,Ryzen 5,,,1.0,,,,1,,,,1,1,62450,,172,36
1,2.0,Ryzen 5,,,1.0,,,,1,,,,0,2,58990,,324,34
5,2.0,Ryzen 5,,,1.0,,,,1,,,,0,1,57999,,86,15
1,2.0,Ryzen 5,,,1.0,,,,1,,,,0,2,56990,,4,1
5,2.0,Ryzen 5,,,1.0,,,,1,,,,0,1,72990,,16,4
5,2.0,Ryzen 5,,,1.0,,,,1,,,,0,1,65990,,104,18
5,2.0,Ryzen 5,,,1.0,,,,1,,,,1,1,98020,,0,0
5,2.0,Ryzen 5,,,1.0,,,,1,,,,0,1,63990,,90,13
1,2.0,Ryzen 5,,,1.0,,,,2,,,,0,1,49890,,6,1
6,2.0,Ryzen 5,,,1.0,,,,1,,,,0,1,49990,,47,7
6,2.0,Ryzen 5,,,1.0,,,,1,,,,0,1,59490,,0,0
5,2.0,Ryzen 5,,,1.0,,,,1,,,,1,1,73999,,206,27
6,2.0,Ryzen 5,,,1.0,,,,1,,,,0,1,60990,,183,42
6,2.0,Ryzen 5,,,1.0,,,,1,,,,0,2,76190,,358,64
2,2.0,Ryzen 5,,,,,,,1,,,,1,1,74798,,0,0
1,2.0,Ryzen 5,,,1.0,,,,1,,,,0,2,58990,,88,13
5,2.0,Ryzen 5,,,1.0,,,,2,,,,0,2,68100,,0,0
2,2.0,Ryzen 5,,,1.0,,,,1,,,,1,1,77990,,0,0
5,2.0,Ryzen 5,,,1.0,,,,1,,,,0,1,55090,,364,52
1,2.0,Ryzen 5,,,,,,,1,,,,1,2,91990,,0,0
5,2.0,Ryzen 5,,,1.0,,,,1,,,,0,1,84208,,0,0
3,2.0,Ryzen 5,,,1.0,,,,1,,,,0,2,44990,,313,39
5,2.0,Ryzen 5,,,1.0,,,,1,,,,0,1,53490,,826,118
2,2.0,Ryzen 5,,,1.0,,,,1,,,,0,2,76498,,0,0
6,2.0,Ryzen 5,,,1.0,,,,1,,,,0,2,98920,,0,0
7,2.0,Ryzen 5,,,1.0,,,,1,,,,0,2,54990,,1410,203
3,2.0,Ryzen 5,,,1.0,,,,1,,,,0,2,49990,,47,6
5,2.0,Ryzen 5,,,1.0,,,,2,,,,0,2,52380,,0,0
3,2.0,Ryzen 5,,,1.0,,,,1,,,,0,2,49990,,6,1
5,2.0,Ryzen 5,,,1.0,,,,1,,,,0,1,52500,,741,67
1,2.0,Ryzen 5,,,1.0,,,,1,,,,0,1,49990,,14,2
3,2.0,Ryzen 5,,,1.0,,,,1,,,,0,2,75999,,0,0
1,2.0,Ryzen 5,,,1.0,,,,1,,,,0,2,80990,,0,0
2,2.0,Ryzen 5,,,1.0,,,,2,,,,0,2,59900,,3,0
5,2.0,Ryzen 5,,,1.0,,,,1,,,,0,1,54590,,349,69
6,2.0,Ryzen 5,,,1.0,,,,1,,,,1,1,75500,,0,0
5,2.0,Ryzen 5,,,1.0,,,,1,,,,0,1,51890,,519,48
1,2.0,Ryzen 5,,,1.0,,,,1,,,,0,2,78000,,3,0
5,2.0,Ryzen 5,,,1.0,,,,1,,,,0,1,59999,,19,1
5,2.0,Ryzen 5,,,1.0,,,,1,,,,0,1,64990,,8,1
6,2.0,Ryzen 5,,,1.0,,,,2,,,,0,2,57900,,3,1
2,2.0,Ryzen 5,,,,,,,1,,,,1,1,81978,,0,0
5,2.0,Ryzen 5,,,1.0,,,,1,,,,0,2,59990,,1480,151
6,2.0,Ryzen 5,,,1.0,,,,1,,,,0,2,49490,,31,3
1,2.0,Ryzen 5,,,1.0,,,,1,,,,0,2,54990,,18,3
2,2.0,Ryzen 5,,,1.0,,,,1,,,,0,2,68500,,271,24
1,2.0,Ryzen 5,,,1.0,,,,1,,,,0,2,54990,,49,6
1,2.0,Ryzen 5,,,1.0,,,,2,,,,0,1,54990,,474,65
2,2.0,Ryzen 5,,,1.0,,,,1,,,,0,1,63990,,861,116
5,2.0,Ryzen 5,,,1.0,,,,1,,,,0,2,80000,,34,6
6,2.0,Ryzen 5,,,1.0,,,,2,,,,0,2,51990,,0,0
1,2.0,Ryzen 5,,,1.0,,,,1,,,,0,1,62990,,165,34
5,2.0,Ryzen 5,,,1.0,,,,1,,,,0,2,52990,,698,74
1,2.0,Ryzen 5,,,1.0,,,,1,,,,0,1,75100,,0,0
1,2.0,Ryzen 7,,,1.0,,,,2,,,,0,2,76990,,22,3
1,2.0,Ryzen 7,,,1.0,,,,1,,,,0,2,79990,,0,0
1,2.0,Ryzen 7,,,1.0,,,,1,,,,0,2,71990,,144,16
1,2.0,Ryzen 7,,,1.0,,,,1,,,,0,2,71990,,1810,235
2,2.0,Ryzen 7,,,1.0,,,,1,,,,0,1,99990,,26,1
1,2.0,Ryzen 7,,,1.0,,,,1,,,,0,2,79990,,0,0
6,2.0,Ryzen 7,,,1.0,,,,1,,,,0,2,93990,,0,0
1,2.0,Ryzen 7,,,1.0,,,,1,,,,0,2,82990,,1067,145
1,2.0,Ryzen 7,,,,,,,1,,,,0,2,106990,,0,0
1,2.0,Ryzen 7,,,1.0,,,,1,,,,0,2,92990,,25,4
2,1.0,Ryzen 7,,,1.0,,,,2,,,,0,1,81490,,0,0
1,2.0,Ryzen 7,,,1.0,,,,1,,,,0,1,56990,,0,0
7,2.0,Ryzen 7,,,1.0,,,,1,,,,0,2,64990,,0,0
2,2.0,Ryzen 7,,,1.0,,,,1,,,,0,1,60990,,530,69
2,2.0,Ryzen 7,,,1.0,,,,1,,,,0,1,84988,,0,0
5,2.0,Ryzen 7,,,1.0,,,,1,,,,0,2,90990,,273,40
1,2.0,Ryzen 7,,,1.0,,,,1,,,,0,2,63990,,77,7
2,2.0,Ryzen 7,,,1.0,,,,1,,,,0,1,63990,,105,10
5,2.0,Ryzen 7,,,1.0,,,,1,,,,0,1,57999,,44,5
1,2.0,Ryzen 7,,,1.0,,,,2,,,,0,2,72400,,0,0
2,2.0,Ryzen 7,,,1.0,,,,1,,,,1,2,78990,,6,0
3,2.0,Ryzen 7,,,1.0,,,,1,,,,0,2,59990,,0,0
1,2.0,Ryzen 7,,,,,,,2,,,,0,2,111990,,0,0
5,2.0,Ryzen 7,,,1.0,,,,2,,,,1,2,109000,,0,0
6,2.0,Ryzen 7,,,1.0,,,,1,,,,0,2,89990,,191,27
2,2.0,Ryzen 7,,,1.0,,,,1,,,,1,1,78988,,0,0
2,2.0,Ryzen 7,,,1.0,,,,1,,,,0,2,73138,,4,1
2,2.0,Ryzen 7,,,1.0,,,,1,,,,0,2,106990,,0,0
1,2.0,Ryzen 7,,,1.0,,,,2,,,,0,2,79990,,0,0
6,2.0,Ryzen 7,,,1.0,,,,1,,,,1,1,89570,,0,0
5,2.0,Ryzen 7,,,1.0,,,,1,,,,0,1,68500,,134,22
2,2.0,Ryzen 7,,,1.0,,,,1,,,,0,2,73400,,0,0
5,2.0,Ryzen 7,,,1.0,,,,1,,,,0,1,79990,,23,6
5,2.0,Ryzen 7,,,1.0,,,,1,,,,0,1,84990,,4,2
7,2.0,Ryzen 7,,,1.0,,,,1,,,,0,2,99990,,108,24
1,2.0,Ryzen 7,,,,,,,1,,,,0,2,72990,,198,24
5,2.0,Ryzen 7,,,1.0,,,,1,,,,1,1,92990,,0,0
5,2.0,Ryzen 7,,,1.0,,,,1,,,,0,1,84190,,0,0
1,2.0,Ryzen 7,,,,,,,1,,,,1,2,112990,,0,0
1,2.0,Ryzen 7,,,,,,,2,,,,0,2,114990,,0,0
3,2.0,Ryzen 7,,,1.0,,,,1,,,,0,2,99990,,0,0
1,2.0,Ryzen 7,,,1.0,,,,2,,,,0,2,95990,,57,3
5,2.0,Ryzen 7,,,1.0,,,,1,,,,0,2,159990,,17,2
1,2.0,Ryzen 7,,,1.0,,,,1,,,,0,1,76990,,0,0
2,2.0,Ryzen 7,,,1.0,,,,1,,,,0,1,130990,,0,0
1,2.0,Ryzen 7,,,1.0,,,,1,,,,0,2,99990,,0,0
1,2.0,Ryzen 7,,,,,,,1,,,,0,2,112990,,0,0
2,2.0,Ryzen 7,,,1.0,,,,1,,,,0,1,77988,,0,0
1,2.0,Ryzen 7,,,1.0,,,,1,,,,0,1,76000,,1,1
1,2.0,Ryzen 7,,,,,,,1,,,,1,2,99990,,77,15
1,2.0,Ryzen 7,,,1.0,,,,1,,,,0,2,111000,,0,0
1,2.0,Ryzen 7,,,,,,,1,,,,0,1,84970,,2,1
5,2.0,Ryzen 7,,,1.0,,,,1,,,,0,1,75990,,1084,123
3,2.0,Ryzen 7,,,1.0,,,,1,,,,0,2,89990,,272,36
3,2.0,Ryzen 7,,,1.0,,,,1,,,,0,2,81990,,141,24
2,2.0,Ryzen 7,,,1.0,,,,2,,,,0,2,80490,,0,0
1,2.0,Ryzen 9,,,1.0,,,,1,,,,0,2,135990,,0,0
1,2.0,Ryzen 9,,,1.0,,,,2,,,,0,2,154990,,194,42
1,2.0,Ryzen 9,,,1.0,,,,1,,,,0,1,199990,,9,2
1,2.0,Ryzen 9,,,1.0,,,,1,,,,0,2,114990,,28,4
1,2.0,Ryzen 9,,,1.0,,,,1,,,,0,1,129990,,204,35
1,2.0,Ryzen 9,,,,,,,1,,,,1,1,114990,,32,6
7,2.0,Ryzen 9,,,1.0,,,,1,,,,0,2,146990,,0,0
1,2.0,Ryzen 9,,,1.0,,,,1,,,,0,2,104990,,14,2
1,2.0,Ryzen 9,,,,,,,1,,,,1,2,114990,,14,1
1,2.0,Ryzen 9,,,,,,,1,,,,1,1,124990,,3,0
1,2.0,Ryzen 9,,,,,,,1,,,,1,2,134990,,0,0
5,2.0,Ryzen 9,,,1.0,,,,1,,,,0,1,141990,,0,0
1,2.0,Ryzen 9,,,1.0,,,,1,,,,0,2,129990,,0,0
1,2.0,Ryzen 9,,,,,,,1,,,,1,1,142990,,4,1
1,2.0,Ryzen 9,,,1.0,,,,1,,,,0,2,121990,,0,0
1,2.0,Ryzen 9,,,,,,,1,,,,1,1,124990,,44,12
1,2.0,Ryzen 9,,,1.0,,,,1,,,,0,2,141990,,61,13
1,2.0,Ryzen 9,,,1.0,,,,1,,,,0,2,162990,,0,0
1,2.0,Ryzen 9,,,1.0,,,,1,,,,0,2,130500,,0,0
1,2.0,Ryzen 9,,,1.0,,,,1,,,,0,2,116990,,0,0
1,2.0,Ryzen 9,,,1.0,,,,2,,,,0,2,138990,,0,0
1,2.0,Ryzen 9,,,,,,,1,,,,1,1,234990,,0,0
1,2.0,Ryzen 9,,,1.0,,,,1,,,,0,2,135990,,0,0
1,2.0,Ryzen 9,,,1.0,,,,1,,,,0,2,144990,,0,0
1,2.0,Ryzen 9,,,1.0,,,,1,,,,0,2,149990,,0,0
1,2.0,Ryzen 9,,,1.0,,,,1,,,,0,2,142990,,0,0
2,2.0,Ryzen 5,,,1.0,,,,1,,,,0,2,57490,,18,4
